City_ID,City,Country,Date,Lat,Lng,Temp,Min Temp,Max Temp,Current Description,Current Details,Humidity,Cloudiness,Wind Speed
0,Ushuaia,AR,2022-07-15 04:25:07,-54.8,-68.3,26.26,26.26,26.26,Clear,clear sky,86,0,2.3
1,Punta Arenas,CL,2022-07-15 04:25:08,-53.15,-70.9167,26.71,26.71,26.71,Fog,fog,100,40,5.75
2,Kodiak,US,2022-07-15 04:20:32,57.79,-152.4072,62.11,62.11,62.11,Clouds,overcast clouds,77,100,0.0
3,Dikson,RU,2022-07-15 04:25:08,73.5069,80.5464,43.52,43.52,43.52,Clouds,scattered clouds,76,26,11.97
4,Mataura,NZ,2022-07-15 04:25:09,-46.1927,168.8643,45.48,45.48,45.48,Clouds,overcast clouds,97,100,4.23
5,Leningradskiy,RU,2022-07-15 04:25:09,69.3833,178.4167,36.54,36.54,36.54,Clouds,scattered clouds,76,47,7.58
6,Puerto Ayora,EC,2022-07-15 04:24:28,-0.7393,-90.3518,68.56,68.56,68.56,Clouds,broken clouds,96,57,7.0
7,Abu Kamal,SY,2022-07-15 04:25:10,34.4506,40.9171,85.17,85.17,85.17,Clear,clear sky,31,0,16.69
8,Marsh Harbour,BS,2022-07-15 04:22:35,26.5412,-77.0636,82.44,82.44,82.44,Clouds,scattered clouds,73,33,16.02
9,Busselton,AU,2022-07-15 04:25:10,-33.65,115.3333,63.18,63.18,63.18,Clouds,broken clouds,66,53,12.12
10,Byron Bay,AU,2022-07-15 04:21:00,-28.65,153.6167,63.95,61.72,63.95,Clouds,broken clouds,66,81,13.56
11,East London,ZA,2022-07-15 04:25:11,-33.0153,27.9116,54.54,54.54,54.54,Clear,clear sky,71,0,8.05
12,Port Elizabeth,ZA,2022-07-15 04:25:11,-33.918,25.5701,50.29,50.29,50.29,Clear,clear sky,81,0,6.91
13,Sao Filipe,CV,2022-07-15 04:25:12,14.8961,-24.4956,74.1,74.1,74.1,Clouds,scattered clouds,78,37,7.56
14,Sitka,US,2022-07-15 04:25:12,57.0531,-135.33,62.49,62.49,62.49,Clouds,overcast clouds,59,100,10.36
15,Oktyabrskiy,RU,2022-07-15 04:25:13,54.4815,53.471,66.31,66.31,66.31,Rain,light rain,93,100,5.26
16,Jamestown,US,2022-07-15 04:20:45,42.097,-79.2353,60.57,51.53,62.24,Clear,clear sky,82,0,3.44
17,Chitral,PK,2022-07-15 04:25:13,35.8462,71.7858,77.61,77.61,77.61,Clouds,broken clouds,51,60,4.07
18,Vardo,NO,2022-07-15 04:25:14,70.3705,31.1107,55.38,55.38,55.38,Fog,fog,94,100,10.36
19,Rikitea,PF,2022-07-15 04:25:14,-23.1203,-134.9692,66.9,66.9,66.9,Clouds,overcast clouds,79,100,14.36
20,Sambava,MG,2022-07-15 04:25:15,-14.2667,50.1667,67.24,67.24,67.24,Clear,clear sky,81,6,9.08
21,Ribeira Grande,PT,2022-07-15 04:25:15,38.5167,-28.7,69.71,69.71,69.71,Clouds,few clouds,89,16,11.25
22,Atuona,PF,2022-07-15 04:25:16,-9.8,-139.0333,77.68,77.68,77.68,Clear,clear sky,68,9,15.95
23,Hobart,AU,2022-07-15 04:25:16,-42.8794,147.3294,51.22,51.06,52.27,Clouds,broken clouds,88,75,6.91
24,Zyryanka,RU,2022-07-15 04:25:17,65.75,150.85,75.9,75.9,75.9,Clouds,broken clouds,48,66,0.56
25,Taoudenni,ML,2022-07-15 04:25:17,22.6783,-3.9836,94.26,94.26,94.26,Clear,clear sky,11,4,13.96
26,Torbay,CA,2022-07-15 04:25:18,47.6666,-52.7314,56.71,55.27,59.29,Clouds,overcast clouds,91,100,8.05
27,Thompson,CA,2022-07-15 04:25:19,55.7435,-97.8558,62.76,62.76,62.76,Smoke,smoke,63,100,0.0
28,Tasiilaq,GL,2022-07-15 04:25:19,65.6145,-37.6368,46.56,46.56,46.56,Clouds,overcast clouds,78,100,12.24
29,Nome,US,2022-07-15 04:25:20,64.5011,-165.4064,57.29,57.27,66.16,Clouds,few clouds,76,20,10.36
30,Port Blair,IN,2022-07-15 04:25:21,11.6667,92.75,82.44,82.44,82.44,Mist,mist,83,100,9.22
31,High Rock,BS,2022-07-15 04:25:21,26.6208,-78.2833,78.82,78.82,78.82,Clouds,few clouds,69,16,14.09
32,Kapaa,US,2022-07-15 04:25:22,22.0752,-159.319,77.77,77.11,84.18,Clouds,broken clouds,80,75,14.97
33,Qaanaaq,GL,2022-07-15 04:25:22,77.484,-69.3632,46.81,46.81,46.81,Clouds,overcast clouds,78,97,8.12
34,Carnarvon,AU,2022-07-15 04:25:23,-24.8667,113.6333,71.31,71.31,71.31,Clear,clear sky,63,0,11.18
35,Poiana Marului,RO,2022-07-15 04:25:23,45.6,25.3,61.36,53.24,61.36,Clouds,few clouds,59,24,2.93
36,Smithers,CA,2022-07-15 04:25:24,54.7804,-127.1743,57.52,57.52,57.52,Rain,light rain,94,100,2.3
37,Beroroha,MG,2022-07-15 04:25:25,-21.6667,45.1667,57.43,57.43,57.43,Clear,clear sky,80,0,2.1
38,Buala,SB,2022-07-15 04:25:25,-8.145,159.5921,83.71,83.71,83.71,Rain,light rain,70,100,7.14
39,Nikolskoye,RU,2022-07-15 04:25:25,59.7035,30.7861,58.91,58.8,58.91,Clouds,overcast clouds,91,98,4.79
40,Butaritari,KI,2022-07-15 04:25:26,3.0707,172.7902,82.2,82.2,82.2,Rain,light rain,80,41,18.05
41,Faanui,PF,2022-07-15 04:25:27,-16.4833,-151.75,76.82,76.82,76.82,Clouds,scattered clouds,64,45,23.2
42,Riyadh,SA,2022-07-15 04:25:09,24.6877,46.7219,91.54,91.54,91.54,Clouds,scattered clouds,13,28,9.48
43,Yellowknife,CA,2022-07-15 04:25:28,62.456,-114.3525,64.92,64.92,64.92,Clouds,broken clouds,63,75,8.05
44,Tura,IN,2022-07-15 04:25:28,25.5198,90.2201,88.11,88.11,88.11,Clouds,scattered clouds,65,50,0.38
45,Saint-Philippe,RE,2022-07-15 04:25:28,-21.3585,55.7679,67.59,67.21,67.59,Rain,light rain,81,46,13.53
46,Barrow,US,2022-07-15 04:25:29,71.2906,-156.7887,37.42,37.42,37.42,Clouds,few clouds,65,20,8.05
47,Iquitos,PE,2022-07-15 04:25:29,-3.7481,-73.2472,75.24,75.24,75.24,Clouds,scattered clouds,100,40,0.0
48,Grand-Santi,GF,2022-07-15 04:25:30,4.25,-54.3833,72.07,72.07,72.07,Clouds,overcast clouds,99,100,1.97
49,Rawson,AR,2022-07-15 04:20:53,-43.3002,-65.1023,42.22,42.22,42.22,Rain,light rain,85,100,19.86
50,Chuy,UY,2022-07-15 04:25:30,-33.6971,-53.4616,60.35,60.35,60.35,Clouds,overcast clouds,96,100,9.31
51,Zabol,AF,2022-07-15 04:25:31,32.25,67.25,78.51,78.51,78.51,Clear,clear sky,41,0,8.77
52,Mehamn,NO,2022-07-15 04:25:31,71.0357,27.8492,55.35,55.35,57.11,Clouds,broken clouds,94,75,4.61
53,Hofn,IS,2022-07-15 04:25:32,64.2539,-15.2082,49.53,49.53,49.53,Clear,clear sky,68,6,5.08
54,Pevek,RU,2022-07-15 04:25:32,69.7008,170.3133,32.86,32.86,32.86,Clouds,few clouds,84,22,12.41
55,Fortuna,US,2022-07-15 04:21:18,40.5982,-124.1573,58.37,57.54,58.93,Clouds,scattered clouds,81,28,3.0
56,Uruzgan,AF,2022-07-15 04:25:33,32.8333,66.0,83.79,83.79,83.79,Clear,clear sky,12,0,1.21
57,Kudahuvadhoo,MV,2022-07-15 04:25:33,2.6708,72.8944,83.14,83.14,83.14,Clouds,overcast clouds,74,88,9.46
58,Vaini,TO,2022-07-15 04:25:34,-21.2,-175.2,78.96,78.96,78.96,Clouds,scattered clouds,94,40,6.91
59,Chokurdakh,RU,2022-07-15 04:25:34,70.6333,147.9167,68.65,68.65,68.65,Clouds,overcast clouds,45,100,10.92
60,Batemans Bay,AU,2022-07-15 04:25:35,-35.7167,150.1833,56.1,56.1,56.1,Clear,clear sky,42,0,4.14
61,Hithadhoo,MV,2022-07-15 04:25:35,-0.6,73.0833,83.68,83.68,83.68,Clouds,broken clouds,73,71,13.06
62,Shiraoi,JP,2022-07-15 04:25:36,42.55,141.35,75.45,75.38,77.2,Clouds,overcast clouds,92,100,17.02
63,Kumba,CM,2022-07-15 04:25:36,4.6363,9.4469,69.12,69.12,69.12,Clouds,overcast clouds,98,85,1.59
64,Chiriqui Grande,PA,2022-07-15 04:25:37,8.95,-82.1167,76.87,76.87,76.87,Clouds,scattered clouds,92,31,2.95
65,Komsomolskiy,UZ,2022-07-15 04:25:37,40.4272,71.7189,86.72,86.72,86.72,Clear,clear sky,26,0,4.61
66,Hilo,US,2022-07-15 04:21:58,19.7297,-155.09,77.38,75.61,79.29,Rain,light rain,85,75,6.91
67,Huangmei,CN,2022-07-15 04:25:38,30.1924,116.025,97.16,97.16,97.16,Clouds,overcast clouds,49,100,5.21
68,Bethel,US,2022-07-15 04:22:01,41.3712,-73.414,66.81,61.3,73.71,Clear,clear sky,79,0,4.61
69,Bluff,NZ,2022-07-15 04:25:38,-46.6,168.3333,45.81,45.81,45.81,Clouds,overcast clouds,69,100,15.57
70,Mar Del Plata,AR,2022-07-15 04:25:39,-38.0023,-57.5575,54.1,50.88,55.09,Rain,light rain,97,100,1.01
71,Trofors,NO,2022-07-15 04:25:39,65.5333,13.4063,49.87,49.87,49.87,Rain,light rain,94,100,5.19
72,Guerrero Negro,MX,2022-07-15 04:25:40,27.9769,-114.0611,66.67,66.67,66.67,Clear,clear sky,85,5,14.47
73,Bengkulu,ID,2022-07-15 04:25:40,-3.8004,102.2655,83.89,83.89,83.89,Clouds,overcast clouds,68,95,2.13
74,Sandpoint,US,2022-07-15 04:24:03,48.2766,-116.5533,66.65,63.68,69.42,Clear,clear sky,64,0,0.0
75,Nyurba,RU,2022-07-15 04:25:41,63.2842,118.3319,78.19,78.19,78.19,Clouds,overcast clouds,55,100,7.05
76,Zuenoula,CI,2022-07-15 04:25:41,7.4292,-6.0431,71.1,71.1,71.1,Clouds,overcast clouds,97,100,5.1
77,Namuac,PH,2022-07-15 04:25:41,18.6109,121.1657,88.81,88.81,88.81,Clouds,scattered clouds,65,27,7.81
78,Katangli,RU,2022-07-15 04:25:42,51.7102,143.2326,59.81,59.81,59.81,Clouds,scattered clouds,76,33,15.3
79,Lhokseumawe,ID,2022-07-15 04:25:42,5.1801,97.1507,86.43,86.43,86.43,Clouds,overcast clouds,56,89,2.91
80,Ygatimi,PY,2022-07-15 04:25:43,-24.0833,-55.5,77.36,77.36,77.36,Clouds,broken clouds,30,76,7.38
81,Yulara,AU,2022-07-15 04:25:43,-25.2406,130.9889,63.1,63.1,63.1,Clear,clear sky,16,2,4.72
82,Podgornoye,RU,2022-07-15 04:25:44,51.735,39.1496,62.82,62.82,62.82,Clear,clear sky,82,0,6.71
83,Lamu,KE,2022-07-15 04:25:44,-2.2717,40.902,73.62,73.62,73.62,Rain,moderate rain,87,55,12.12
84,Xuddur,SO,2022-07-15 04:25:45,4.1213,43.8894,72.14,72.14,72.14,Clouds,overcast clouds,76,96,22.01
85,Hermanus,ZA,2022-07-15 04:25:45,-34.4187,19.2345,49.8,49.8,49.8,Clouds,scattered clouds,83,29,7.78
86,Namibe,AO,2022-07-15 04:25:46,-15.1961,12.1522,66.38,66.38,66.38,Clear,clear sky,74,4,3.13
87,Asau,RO,2022-07-15 04:25:46,46.4333,26.4,63.52,63.28,63.52,Clouds,few clouds,61,18,5.39
88,Esperance,AU,2022-07-15 04:25:46,-33.8667,121.9,64.24,64.24,64.24,Clouds,broken clouds,62,62,25.37
89,Steinbach,DE,2022-07-15 04:25:47,50.1667,8.5667,56.55,51.62,60.31,Clear,clear sky,72,0,4.61
90,Yekaterinovka,RU,2022-07-15 04:25:47,52.0508,44.3451,58.62,58.62,58.62,Clouds,few clouds,89,18,14.45
91,Talnakh,RU,2022-07-15 04:25:48,69.4865,88.3972,63.21,63.21,63.21,Clouds,overcast clouds,50,97,3.38
92,Zhigalovo,RU,2022-07-15 04:25:48,54.8097,105.1578,59.97,59.97,59.97,Clouds,overcast clouds,81,100,1.57
93,Comodoro Rivadavia,AR,2022-07-15 04:25:49,-45.8667,-67.5,35.46,35.46,35.46,Drizzle,light intensity drizzle rain,93,75,11.5
94,Cape Town,ZA,2022-07-15 04:21:31,-33.9258,18.4232,52.83,48.34,55.9,Fog,fog,85,15,8.01
95,Egvekinot,RU,2022-07-15 04:25:50,66.3167,-179.1667,48.4,48.4,48.4,Clouds,scattered clouds,53,33,1.34
96,Nurota,UZ,2022-07-15 04:25:50,40.5614,65.6886,85.95,85.95,85.95,Clear,clear sky,17,0,13.58
97,Kabin Buri,TH,2022-07-15 04:25:51,13.9511,101.7177,86.04,86.04,86.04,Rain,light rain,72,92,7.45
98,Rocha,UY,2022-07-15 04:25:51,-34.4833,-54.3333,57.76,57.76,57.76,Clouds,overcast clouds,99,100,6.33
99,Avarua,CK,2022-07-15 04:25:51,-21.2078,-159.775,75.25,75.25,75.25,Clouds,scattered clouds,69,40,8.05
100,Arlit,NE,2022-07-15 04:25:52,18.7369,7.3853,87.89,87.89,87.89,Clear,clear sky,14,10,7.0
101,Severo-Yeniseyskiy,RU,2022-07-15 04:20:53,60.3725,93.0408,46.31,46.31,46.31,Rain,light rain,94,100,2.82
102,Severodvinsk,RU,2022-07-15 04:25:52,64.5635,39.8302,69.91,69.12,69.91,Clouds,few clouds,70,23,6.08
103,Ta Khmau,KH,2022-07-15 04:25:53,11.4833,104.95,86.05,86.05,86.05,Clouds,scattered clouds,70,40,9.22
104,Port Alfred,ZA,2022-07-15 04:25:53,-33.5906,26.891,55.54,55.54,55.54,Clear,clear sky,82,1,9.53
105,Jyvaskyla,FI,2022-07-15 04:25:53,62.2415,25.7209,54.46,53.94,56.12,Clouds,few clouds,85,20,8.05
106,Sao Desiderio,BR,2022-07-15 04:25:54,-12.3633,-44.9733,68.22,68.22,68.22,Clouds,broken clouds,52,52,5.35
107,Erzin,TR,2022-07-15 04:25:54,36.9559,36.2,75.88,75.88,75.88,Clear,clear sky,80,8,2.57
108,Provideniya,RU,2022-07-15 04:25:55,64.3833,-173.3,55.51,55.36,55.51,Clear,clear sky,67,0,13.42
109,Codrington,AU,2022-07-15 04:25:55,-38.2667,141.9667,54.77,54.77,54.77,Clouds,overcast clouds,70,100,10.16
110,The Valley,AI,2022-07-15 04:25:56,18.217,-63.0578,82.26,81.82,82.26,Clear,clear sky,82,10,23.55
111,Cidreira,BR,2022-07-15 04:25:56,-30.1811,-50.2056,61.0,61.0,61.0,Clouds,overcast clouds,96,100,14.99
112,Northam,GB,2022-07-15 04:25:57,51.0333,-4.2167,49.24,49.24,49.24,Clear,clear sky,82,6,2.1
113,Albany,US,2022-07-15 04:25:57,42.6001,-73.9662,60.39,57.24,63.36,Clear,clear sky,86,1,4.56
114,Tiksi,RU,2022-07-15 04:25:58,71.6872,128.8694,54.19,54.19,54.19,Clouds,scattered clouds,63,39,18.43
115,Cayenne,GF,2022-07-15 04:25:58,4.9333,-52.3333,78.1,77.04,78.1,Clouds,broken clouds,1,75,2.3
116,Bandarbeyla,SO,2022-07-15 04:25:59,9.4942,50.8122,81.21,81.21,81.21,Clouds,overcast clouds,68,100,29.68
117,Vilhena,BR,2022-07-15 04:23:01,-12.7406,-60.1458,67.23,67.23,67.23,Clouds,broken clouds,53,74,3.38
118,Yatou,CN,2022-07-15 04:25:59,37.15,122.3833,86.0,86.0,86.0,Clouds,scattered clouds,53,40,1.23
119,Kidal,ML,2022-07-15 04:26:00,18.4411,1.4078,83.71,83.71,83.71,Clouds,scattered clouds,51,47,8.52
120,Georgetown,MY,2022-07-15 04:26:00,5.4112,100.3354,87.75,86.95,87.75,Clouds,few clouds,71,20,5.75
121,Puerto Rico,AR,2022-07-15 04:26:00,-26.796,-55.024,72.05,72.05,72.05,Rain,light rain,56,76,6.82
122,Kaitangata,NZ,2022-07-15 04:26:01,-46.2817,169.8464,40.51,40.51,40.51,Clouds,overcast clouds,96,100,7.56
123,Colares,PT,2022-07-15 04:26:01,38.7992,-9.4469,69.82,64.26,72.79,Clear,clear sky,70,1,4.0
124,Lagoa,PT,2022-07-15 04:26:02,39.05,-27.9833,68.49,68.49,68.49,Clouds,scattered clouds,90,27,14.83
125,Bambous Virieux,MU,2022-07-15 04:26:02,-20.3428,57.7575,66.45,66.45,71.22,Rain,light rain,88,75,3.44
126,Baracoa,CU,2022-07-15 04:26:03,20.3467,-74.4958,78.84,78.84,78.84,Clouds,overcast clouds,87,99,9.62
127,Coos Bay,US,2022-07-15 04:26:03,43.3665,-124.2179,56.73,55.92,58.32,Clear,clear sky,94,0,4.61
128,Kabansk,RU,2022-07-15 04:26:04,52.0486,106.6528,67.39,67.39,67.39,Clouds,broken clouds,56,84,9.95
129,Svetlogorsk,BY,2022-07-15 04:26:04,52.6333,29.7333,56.73,56.73,56.73,Clouds,broken clouds,82,67,3.36
130,Bilibino,RU,2022-07-15 04:26:05,68.0546,166.4372,63.64,63.64,63.64,Clouds,broken clouds,40,59,4.25
131,Seversk,RU,2022-07-15 04:26:06,56.6006,84.8864,64.24,60.93,66.09,Clouds,broken clouds,72,55,4.59
132,Hirara,JP,2022-07-15 04:26:06,24.8,125.2833,89.87,89.46,89.87,Clouds,broken clouds,74,75,17.27
133,Mahajanga,MG,2022-07-15 04:26:07,-15.7167,46.3167,64.42,64.42,64.42,Clear,clear sky,82,0,6.91
134,Paamiut,GL,2022-07-15 04:26:07,61.994,-49.6678,40.48,40.48,40.48,Rain,light rain,96,100,12.33
135,Marsa Matruh,EG,2022-07-15 04:26:07,31.3525,27.2453,71.8,71.8,71.8,Clouds,scattered clouds,68,40,10.36
136,Port-Cartier,CA,2022-07-15 04:26:08,50.0334,-66.8654,56.73,55.51,56.75,Clouds,overcast clouds,75,93,1.41
137,Tuktoyaktuk,CA,2022-07-15 04:26:08,69.4541,-133.0374,37.4,37.4,37.4,Clouds,overcast clouds,81,100,19.57
138,Filadelfia,US,2022-07-15 04:22:45,39.9523,-75.1638,71.83,66.2,75.92,Clear,clear sky,71,0,4.61
139,Shestakovo,RU,2022-07-15 04:26:09,56.4915,103.96,67.41,67.41,67.41,Rain,light rain,58,100,6.02
140,Sao Jose Da Coroa Grande,BR,2022-07-15 04:26:10,-8.8978,-35.1478,73.76,73.76,73.76,Clouds,scattered clouds,86,28,8.88
141,San Jeronimo,PE,2022-07-15 04:26:10,-11.9472,-75.2829,46.85,46.85,46.85,Clouds,scattered clouds,73,48,1.1
142,Alice Springs,AU,2022-07-15 04:26:11,-23.7,133.8833,65.75,65.75,65.75,Clear,clear sky,16,4,8.05
143,Bredasdorp,ZA,2022-07-15 04:26:11,-34.5322,20.0403,48.07,48.07,48.07,Clouds,few clouds,87,11,2.95
144,Nioro,GM,2022-07-15 04:26:12,13.35,-15.75,79.34,79.34,79.34,Rain,light rain,84,92,5.14
145,Arraial Do Cabo,BR,2022-07-15 04:26:13,-22.9661,-42.0278,70.63,70.63,70.63,Clear,clear sky,90,8,21.61
146,Narsaq,GL,2022-07-15 04:26:13,60.9167,-46.05,57.42,57.42,57.42,Clouds,overcast clouds,62,100,4.18
147,Bardstown,US,2022-07-15 04:22:37,37.8092,-85.4669,68.76,66.65,74.61,Clear,clear sky,85,0,0.0
148,Udala,ES,2022-07-15 04:26:14,43.0778,-2.5125,63.46,60.13,64.47,Clear,clear sky,86,10,2.1
149,Hasaki,JP,2022-07-15 04:26:14,35.7333,140.8333,77.4,77.4,79.29,Rain,light rain,84,100,8.41
150,Zatoka,UA,2022-07-15 04:26:15,46.0725,30.4654,73.63,73.63,73.63,Clear,clear sky,65,1,7.4
151,Sept-Iles,CA,2022-07-15 04:26:15,50.2001,-66.3821,57.04,55.83,57.06,Clouds,broken clouds,89,75,4.61
152,Katsina,NG,2022-07-15 04:26:16,12.9894,7.6006,79.11,79.11,79.11,Clouds,broken clouds,65,81,13.49
153,Zaysan,KZ,2022-07-15 04:26:17,47.4667,84.8667,74.34,74.34,74.34,Clear,clear sky,21,0,7.9
154,Longyearbyen,SJ,2022-07-15 04:26:17,78.2186,15.6401,51.64,51.64,51.64,Clouds,broken clouds,71,75,16.11
155,Poronaysk,RU,2022-07-15 04:26:17,49.2167,143.1167,59.85,59.85,59.85,Clouds,broken clouds,80,83,9.91
156,Mujiayingzi,CN,2022-07-15 04:26:18,42.1167,118.7833,82.83,82.83,82.83,Clear,clear sky,36,4,18.84
157,Alofi,NU,2022-07-15 04:26:19,-19.0595,-169.9187,78.69,78.69,78.69,Clouds,overcast clouds,69,93,12.66
158,Riwaka,NZ,2022-07-15 04:26:19,-41.0833,173.0,50.58,50.58,50.58,Clouds,broken clouds,83,81,3.47
159,Manokwari,ID,2022-07-15 04:26:20,-0.8667,134.0833,83.41,83.41,83.41,Clouds,broken clouds,69,78,5.97
160,Taltal,CL,2022-07-15 04:26:20,-25.4,-70.4833,53.55,53.55,53.55,Clear,clear sky,72,9,4.65
161,Vanimo,PG,2022-07-15 04:26:21,-2.6741,141.3028,83.3,83.3,83.3,Clouds,broken clouds,74,60,3.06
162,Opuwo,NA,2022-07-15 04:26:21,-18.0607,13.84,54.21,54.21,54.21,Clear,clear sky,40,0,7.81
163,Rio Gallegos,AR,2022-07-15 04:26:21,-51.6226,-69.2181,24.85,24.85,24.85,Fog,fog,93,100,6.91
164,Kaeo,NZ,2022-07-15 04:26:22,-35.1,173.7833,60.33,60.33,60.33,Clouds,overcast clouds,75,100,5.46
165,Berlevag,NO,2022-07-15 04:26:22,70.8578,29.0864,57.67,55.4,64.2,Clouds,overcast clouds,94,100,2.3
166,Kenai,US,2022-07-15 04:26:23,60.5544,-151.2583,58.53,57.09,63.03,Clear,clear sky,84,0,10.36
167,Bella Union,UY,2022-07-15 04:26:23,-30.2752,-57.6007,62.82,62.82,62.82,Clouds,broken clouds,99,58,9.13
168,Victoria,HK,2022-07-15 04:21:40,22.2855,114.1577,89.87,83.95,91.45,Clouds,overcast clouds,75,96,8.01
169,Lompoc,US,2022-07-15 04:26:24,34.6391,-120.4579,57.7,55.92,59.85,Mist,mist,85,75,11.01
170,Cartagena,CO,2022-07-15 04:26:24,10.3997,-75.5144,80.22,80.22,80.22,Clouds,few clouds,83,20,8.05
171,Ballitoville,ZA,2022-07-15 04:26:25,-29.539,31.2144,59.25,57.16,59.25,Clouds,broken clouds,69,54,8.5
172,New Norfolk,AU,2022-07-15 04:26:25,-42.7826,147.0587,51.01,50.72,51.93,Clouds,overcast clouds,59,91,6.26
173,Khatanga,RU,2022-07-15 04:24:16,71.9667,102.5,57.63,57.63,57.63,Clouds,broken clouds,45,67,6.73
174,Nanortalik,GL,2022-07-15 04:26:26,60.1432,-45.2371,43.41,43.41,43.41,Clouds,overcast clouds,83,99,6.26
175,Kovacica,RS,2022-07-15 04:26:26,45.1117,20.6214,68.02,64.4,69.89,Clear,clear sky,43,7,5.21
176,Heihe,CN,2022-07-15 04:26:26,50.2441,127.4902,81.18,80.4,81.18,Clouds,overcast clouds,64,98,8.9
177,Agirish,RU,2022-07-15 04:26:27,61.9247,63.0231,75.24,75.24,75.24,Clouds,broken clouds,59,74,5.44
178,Waipawa,NZ,2022-07-15 04:26:27,-41.4122,175.5153,45.95,45.95,45.95,Clouds,broken clouds,74,84,4.7
179,Channel-Port Aux Basques,CA,2022-07-15 04:26:28,47.5702,-59.1367,57.63,57.63,57.63,Clouds,broken clouds,73,53,3.13
180,Fairbanks,US,2022-07-15 04:25:07,64.8378,-147.7164,67.57,64.24,69.76,Clouds,few clouds,34,20,4.61
181,Palic,RS,2022-07-15 04:26:28,46.1023,19.7635,68.38,68.38,68.38,Clouds,few clouds,43,19,7.23
182,Totness,SR,2022-07-15 04:26:29,5.8833,-56.3167,75.36,75.36,75.36,Rain,light rain,93,100,0.69
183,Vila Franca Do Campo,PT,2022-07-15 04:26:29,37.7167,-25.4333,70.2,68.41,70.2,Clouds,broken clouds,93,80,10.94
184,Airai,TL,2022-07-15 04:26:29,-8.9266,125.4092,70.0,70.0,70.0,Clouds,scattered clouds,53,29,4.43
185,Port Lincoln,AU,2022-07-15 04:26:30,-34.7333,135.8667,59.16,59.16,59.16,Clouds,overcast clouds,46,99,14.61
186,Ilulissat,GL,2022-07-15 04:22:44,69.2167,-51.1,53.62,53.62,53.62,Clouds,overcast clouds,40,100,14.97
187,Slave Lake,CA,2022-07-15 04:26:30,55.2834,-114.769,64.38,64.38,64.38,Clouds,overcast clouds,68,100,3.44
188,Atambua,ID,2022-07-15 04:26:31,-9.1061,124.8925,79.97,79.97,79.97,Clouds,broken clouds,55,79,2.84
189,Vao,NC,2022-07-15 04:26:31,-22.6667,167.4833,69.98,69.98,69.98,Clear,clear sky,68,2,19.73
190,Victor Harbor,AU,2022-07-15 04:26:32,-35.5667,138.6167,55.99,53.67,55.99,Clouds,overcast clouds,70,100,1.01
191,Xicotencatl,MX,2022-07-15 04:26:32,23.0167,-98.8833,75.49,75.2,76.19,Clouds,broken clouds,79,75,2.51
192,Coihaique,CL,2022-07-15 04:26:33,-45.5752,-72.0662,31.95,30.81,31.95,Clouds,few clouds,74,20,2.3
193,Fier,AL,2022-07-15 04:26:34,40.7239,19.5561,68.63,68.63,68.63,Clear,clear sky,48,5,3.38
194,Souillac,MU,2022-07-15 04:26:35,-20.5167,57.5167,66.58,66.58,66.58,Clouds,broken clouds,88,75,3.44
195,Cochrane,CA,2022-07-15 04:22:37,51.1834,-114.4687,65.52,62.01,67.24,Clear,clear sky,60,2,3.44
196,Gizo,SB,2022-07-15 04:26:37,-8.103,156.8419,84.02,84.02,84.02,Clouds,overcast clouds,65,100,12.03
197,Makhachkala,RU,2022-07-15 04:26:38,42.9764,47.5024,80.02,80.02,80.58,Clouds,overcast clouds,50,97,8.43
198,Olean,US,2022-07-15 04:22:47,42.0776,-78.4297,56.17,52.95,63.18,Clear,clear sky,76,0,0.0
199,Le Port,RE,2022-07-15 04:26:39,-20.9373,55.2919,67.48,66.16,68.61,Clouds,scattered clouds,77,35,5.93
200,Makakilo City,US,2022-07-15 04:22:53,21.3469,-158.0858,80.49,74.98,82.72,Clouds,few clouds,60,20,13.8
201,Santa Isabel,BR,2022-07-15 04:26:39,-23.3156,-46.2214,61.9,61.9,61.9,Clear,clear sky,82,9,3.22
202,Roros,NO,2022-07-15 04:26:40,62.5747,11.3842,42.64,42.64,42.64,Rain,light rain,75,75,18.41
203,Nakamura,JP,2022-07-15 04:26:40,32.9833,132.9333,85.89,85.89,85.89,Clouds,overcast clouds,54,100,6.93
204,Mahebourg,MU,2022-07-15 04:26:41,-20.4081,57.7,66.49,66.49,71.26,Clouds,broken clouds,88,75,3.44
205,Turkan,AZ,2022-07-15 04:26:41,40.3639,50.215,80.78,80.78,80.78,Clear,clear sky,65,0,26.46
206,Grand Gaube,MU,2022-07-15 04:26:42,-20.0064,57.6608,71.38,66.6,71.38,Clear,clear sky,69,6,3.0
207,Soe,ID,2022-07-15 04:26:42,-9.8607,124.284,74.16,74.16,74.16,Clouds,broken clouds,57,53,9.42
208,Ingham,US,2022-07-15 04:26:43,42.6,-84.3833,59.76,57.78,62.11,Clear,clear sky,88,0,0.0
209,Castro,BR,2022-07-15 04:26:43,-24.7911,-50.0119,55.27,55.27,55.27,Clouds,few clouds,82,21,5.44
210,Trincomalee,LK,2022-07-15 04:26:44,8.5711,81.2335,86.9,86.9,86.9,Rain,light rain,59,98,19.95
211,Richards Bay,ZA,2022-07-15 04:26:44,-28.783,32.0377,62.96,62.96,62.96,Rain,light rain,77,71,6.62
212,Doha,QA,2022-07-15 04:26:44,25.2867,51.5333,93.15,91.71,93.18,Haze,haze,75,100,5.75
213,Lahat,ID,2022-07-15 04:26:45,-3.8,103.5333,87.49,87.49,87.49,Rain,light rain,61,15,2.68
214,Thinadhoo,MV,2022-07-15 04:26:45,0.5333,72.9333,83.86,83.86,83.86,Clouds,broken clouds,72,65,10.27
215,Poya,NC,2022-07-15 04:26:46,-21.35,165.15,71.51,71.51,71.51,Clouds,few clouds,64,16,12.17
216,Birao,CF,2022-07-15 04:26:46,10.2849,22.7882,71.74,71.74,71.74,Clouds,overcast clouds,89,97,4.47
217,Pisco,PE,2022-07-15 04:26:46,-13.7,-76.2167,57.25,57.25,58.01,Mist,mist,82,12,2.3
218,Port Moresby,PG,2022-07-15 04:26:47,-9.4431,147.1797,81.82,81.82,81.82,Haze,haze,61,75,23.02
219,Katsuura,JP,2022-07-15 04:26:47,35.1333,140.3,77.02,77.02,77.02,Rain,heavy intensity rain,84,100,8.37
220,Maxixe,MZ,2022-07-15 04:26:48,-23.8597,35.3472,55.22,55.22,55.22,Clouds,few clouds,94,20,0.0
221,Iroquois Falls,CA,2022-07-15 04:26:48,48.7669,-80.6831,54.23,54.23,54.23,Clear,clear sky,61,7,3.74
222,Sibu,MY,2022-07-15 04:26:49,2.3,111.8167,86.31,86.31,86.31,Clouds,few clouds,70,20,5.75
223,Lasa,IT,2022-07-15 04:26:49,46.6166,10.7002,64.51,57.69,67.08,Clear,clear sky,77,1,5.08
224,Atar,MR,2022-07-15 04:23:14,20.5169,-13.0499,87.17,87.17,87.17,Clouds,overcast clouds,42,96,10.09
225,Lavrentiya,RU,2022-07-15 04:26:50,65.5833,-171.0,50.63,50.63,50.63,Clouds,overcast clouds,67,97,13.76
226,La Romana,DO,2022-07-15 04:24:00,18.4273,-68.9728,78.01,78.01,78.01,Clouds,broken clouds,77,84,11.01
227,Griffith,US,2022-07-15 04:26:50,41.5284,-87.4237,65.14,63.0,68.9,Clear,clear sky,88,0,4.61
228,Touros,BR,2022-07-15 04:26:51,-5.1989,-35.4608,73.29,73.29,73.29,Clouds,scattered clouds,86,27,12.95
229,Kamenka,RU,2022-07-15 04:26:51,51.3223,42.7678,60.84,60.84,60.84,Clear,clear sky,83,10,13.73
230,Asyut,EG,2022-07-15 04:26:52,27.181,31.1837,71.78,71.78,71.78,Clear,clear sky,51,0,9.19
231,Taiyuan,CN,2022-07-15 04:26:52,37.8694,112.5603,84.06,84.06,84.06,Haze,haze,61,97,6.71
232,Yining,CN,2022-07-15 04:26:52,29.0361,114.5636,99.07,99.07,99.07,Clouds,overcast clouds,40,100,4.45
233,Kaili,ID,2022-07-15 04:26:53,-3.4626,120.2147,67.73,67.73,67.73,Clouds,overcast clouds,97,100,2.26
234,Broken Hill,AU,2022-07-15 04:26:53,-31.95,141.4333,57.11,57.11,57.11,Clear,clear sky,34,0,7.74
235,Aykhal,RU,2022-07-15 04:26:54,66.0,111.5,52.14,52.14,52.14,Rain,moderate rain,96,100,18.3
236,Makushino,RU,2022-07-15 04:26:54,55.2103,67.2442,76.51,76.51,76.51,Clear,clear sky,67,0,3.47
237,Kahului,US,2022-07-15 04:26:55,20.8947,-156.47,79.99,78.84,80.62,Clouds,scattered clouds,72,40,19.57
238,Shingu,JP,2022-07-15 04:25:47,33.7333,135.9833,79.77,79.77,79.77,Rain,moderate rain,88,100,2.1
239,Benguela,AO,2022-07-15 04:26:55,-12.5763,13.4055,65.57,65.57,65.57,Clear,clear sky,88,0,3.02
240,Sortavala,RU,2022-07-15 04:26:56,61.7053,30.6918,56.12,56.12,56.12,Clouds,overcast clouds,90,100,4.43
241,Cervo,ES,2022-07-15 04:26:56,43.6702,-7.4101,68.97,68.97,68.97,Clouds,overcast clouds,91,100,18.45
242,Boddam,GB,2022-07-15 04:26:56,57.4667,-1.7833,51.89,51.66,55.78,Clouds,overcast clouds,78,95,8.01
243,Baoding,CN,2022-07-15 04:26:57,38.8511,115.4903,97.5,97.5,97.5,Clouds,few clouds,31,22,1.3
244,Platteville,US,2022-07-15 04:26:57,42.7342,-90.4785,69.67,65.71,71.83,Clear,clear sky,78,0,9.22
245,Sur,OM,2022-07-15 04:26:57,22.5667,59.5289,86.99,86.99,86.99,Clouds,broken clouds,70,63,7.76
246,La Ronge,CA,2022-07-15 04:26:58,55.1001,-105.2842,70.05,70.05,71.82,Clouds,broken clouds,43,75,5.75
247,Palmer,US,2022-07-15 04:26:58,42.1584,-72.3287,63.01,60.03,67.5,Clear,clear sky,85,0,0.0
248,Saskylakh,RU,2022-07-15 04:26:59,71.9167,114.0833,56.19,56.19,56.19,Clouds,few clouds,47,19,7.83
249,Novobelokatay,RU,2022-07-15 04:26:59,55.7062,58.9549,69.22,69.22,69.22,Clouds,overcast clouds,88,100,2.8
250,Hualmay,PE,2022-07-15 04:26:59,-11.0964,-77.6139,60.21,60.21,60.21,Clouds,broken clouds,83,56,11.21
251,Puerto Leguizamo,CO,2022-07-15 04:27:00,-0.1934,-74.7819,72.01,72.01,72.01,Clouds,overcast clouds,97,87,0.85
252,Ponta Delgada,PT,2022-07-15 04:26:06,37.7333,-25.6667,68.72,68.72,70.5,Clouds,few clouds,88,20,9.22
253,Senador Jose Porfirio,BR,2022-07-15 04:27:01,-2.5908,-51.9542,73.81,73.81,73.81,Clouds,scattered clouds,94,33,2.35
254,Alamogordo,US,2022-07-15 04:27:01,32.8995,-105.9603,81.05,73.56,86.81,Clouds,broken clouds,38,75,9.22
255,Lanzhou,CN,2022-07-15 04:27:01,36.0564,103.7922,66.09,66.09,66.09,Clouds,overcast clouds,92,100,4.99
256,Cherskiy,RU,2022-07-15 04:27:02,68.75,161.3,59.16,59.16,59.16,Clouds,scattered clouds,38,46,5.75
257,Douentza,ML,2022-07-15 04:27:02,14.9951,-2.9517,84.49,84.49,84.49,Clouds,scattered clouds,46,40,6.08
258,Berlin,DE,2022-07-15 04:27:03,52.5244,13.4105,55.29,53.1,57.04,Clear,clear sky,74,0,10.0
259,Alyangula,AU,2022-07-15 04:27:03,-13.8483,136.4192,74.28,74.28,74.28,Clouds,broken clouds,58,66,15.46
260,Kavaratti,IN,2022-07-15 04:27:04,10.5669,72.642,82.09,82.09,82.09,Clouds,broken clouds,79,71,20.33
261,Ponta Do Sol,PT,2022-07-15 04:27:04,32.6667,-17.1,67.44,66.13,69.01,Clear,clear sky,78,2,4.21
262,Lambarene,GA,2022-07-15 04:27:05,-0.7001,10.2406,68.18,68.18,68.18,Clouds,scattered clouds,93,43,2.46
263,Beni Suef,EG,2022-07-15 04:27:05,29.0731,31.0979,71.76,71.76,71.76,Clear,clear sky,67,0,7.63
264,Paita,PE,2022-07-15 04:27:05,-5.0892,-81.1144,61.48,61.48,61.48,Clear,clear sky,87,4,13.87
265,Choctaw,US,2022-07-15 04:27:06,35.4976,-97.2689,84.92,80.94,90.1,Clear,clear sky,58,0,10.36
266,Raga,SS,2022-07-15 04:27:07,8.4596,25.678,68.65,68.65,68.65,Rain,light rain,97,100,2.98
267,Cam Ranh,VN,2022-07-15 04:24:26,11.9214,109.1591,89.56,89.56,89.56,Clouds,few clouds,58,20,8.05
268,Kuna,US,2022-07-15 04:27:07,43.4918,-116.4201,85.32,80.85,90.16,Clear,clear sky,35,0,4.61
269,Kutum,SD,2022-07-15 04:27:08,14.2,24.6667,74.98,74.98,74.98,Clouds,broken clouds,65,76,3.8
270,Vila Velha,BR,2022-07-15 04:27:08,-20.3297,-40.2925,66.94,66.94,67.95,Clouds,scattered clouds,98,40,2.3
271,Normandin,CA,2022-07-15 04:27:09,48.8333,-72.5321,60.93,60.93,61.11,Clouds,broken clouds,72,60,6.91
272,Athabasca,CA,2022-07-15 04:27:09,54.7169,-113.2854,59.41,59.41,59.41,Clouds,scattered clouds,85,36,2.98
273,Fowa,NG,2022-07-15 04:27:10,8.9167,6.4,71.51,71.51,71.51,Rain,light rain,97,95,3.58
274,Beyneu,KZ,2022-07-15 04:27:10,45.3167,55.2,91.54,91.54,91.54,Clouds,broken clouds,19,63,14.63
275,Monrovia,LR,2022-07-15 04:27:10,6.3005,-10.7969,75.67,75.67,75.67,Rain,light rain,87,100,10.51
276,Suntar,RU,2022-07-15 04:27:11,62.1444,117.6319,80.8,80.8,80.8,Clouds,broken clouds,49,70,4.83
277,Baykit,RU,2022-07-15 04:27:11,61.67,96.37,64.98,64.98,64.98,Clouds,scattered clouds,46,30,4.7
278,Sembakung,ID,2022-07-15 04:27:12,3.8167,117.25,77.58,77.58,77.58,Clouds,overcast clouds,88,100,1.72
279,Parainen,FI,2022-07-15 04:27:12,60.3067,22.301,56.37,53.37,58.14,Clouds,broken clouds,72,78,10.45
280,Uddevalla,SE,2022-07-15 04:27:13,58.3478,11.9424,51.12,50.18,55.76,Clouds,broken clouds,87,80,2.64
281,Ahipara,NZ,2022-07-15 04:27:13,-35.1667,173.1667,57.58,57.58,57.58,Clouds,overcast clouds,67,99,7.4
282,Basco,PH,2022-07-15 04:27:14,20.4487,121.9702,85.05,85.05,85.05,Clouds,overcast clouds,79,97,15.43
283,Upernavik,GL,2022-07-15 04:27:14,72.7868,-56.1549,38.1,38.1,38.1,Clouds,scattered clouds,90,46,9.4
284,Fortuna Foothills,US,2022-07-15 04:27:14,32.6578,-114.4119,96.78,95.56,98.69,Clear,clear sky,33,0,8.05
285,Grindavik,IS,2022-07-15 04:27:15,63.8424,-22.4338,45.07,44.55,45.07,Clear,clear sky,93,0,2.3
286,Constitucion,CL,2022-07-15 04:27:15,-35.3333,-72.4167,45.23,45.23,45.23,Clouds,overcast clouds,89,97,6.98
287,Laives,IT,2022-07-15 04:27:16,46.4228,11.3348,65.71,64.96,67.91,Clear,clear sky,81,1,3.2
288,Ancud,CL,2022-07-15 04:27:17,-41.8697,-73.8203,40.23,40.23,40.23,Clear,clear sky,84,3,6.96
289,Hovd,MN,2022-07-15 04:27:17,48.0056,91.6419,61.45,61.45,61.45,Clear,clear sky,36,0,5.97
290,Balsas,BR,2022-07-15 04:27:18,-7.5325,-46.0356,76.98,76.98,76.98,Clouds,broken clouds,48,71,3.56
291,Manadhoo,MV,2022-07-15 04:27:19,5.7667,73.3833,82.81,82.81,82.81,Clouds,broken clouds,77,80,14.92
292,Middletown,US,2022-07-15 04:23:58,39.5151,-84.3983,68.22,64.31,71.31,Clear,clear sky,85,0,5.75
293,Tamworth,GB,2022-07-15 04:27:19,52.634,-1.6959,51.48,47.64,54.63,Clouds,broken clouds,83,79,1.01
294,Port Hardy,CA,2022-07-15 04:27:20,50.6996,-127.4199,57.38,55.4,57.38,Clouds,overcast clouds,94,100,2.3
295,Saint-Joseph,RE,2022-07-15 04:27:20,-21.3667,55.6167,66.58,66.58,67.21,Rain,light rain,77,29,11.9
296,Chute-Aux-Outardes,CA,2022-07-15 04:27:21,49.1168,-68.399,55.38,55.38,55.38,Clouds,overcast clouds,94,100,0.0
297,Plettenberg Bay,ZA,2022-07-15 04:27:21,-34.0527,23.3716,53.71,53.71,53.71,Clear,clear sky,82,1,4.36
298,Abnub,EG,2022-07-15 04:27:22,27.2696,31.1511,71.82,71.82,71.82,Clear,clear sky,51,0,9.01
299,Bathsheba,BB,2022-07-15 04:27:22,13.2167,-59.5167,81.05,81.05,83.01,Clouds,broken clouds,90,75,23.02
300,Petrolina,BR,2022-07-15 04:24:05,-9.3986,-40.5008,71.65,71.65,71.65,Rain,light rain,83,75,8.05
301,Saint George,US,2022-07-15 04:27:22,37.1041,-113.5841,83.84,83.79,84.79,Clear,clear sky,42,0,0.0
302,Baijiantan,CN,2022-07-15 04:27:23,45.6333,85.1833,81.0,81.0,81.0,Clear,clear sky,18,0,3.47
303,Chicama,PE,2022-07-15 04:27:23,-7.8447,-79.1469,59.54,59.54,59.54,Clouds,scattered clouds,84,48,7.49
304,Peniche,PT,2022-07-15 04:27:24,39.3558,-9.3811,66.27,64.56,67.1,Clear,clear sky,96,5,3.22
305,Huarmey,PE,2022-07-15 04:27:24,-10.0681,-78.1522,61.09,61.09,61.09,Clouds,broken clouds,85,52,11.5
306,Manzhouli,CN,2022-07-15 04:27:24,49.6,117.4333,68.04,68.04,68.04,Rain,light rain,79,100,6.02
307,Chernyshevskiy,RU,2022-07-15 04:27:25,63.0128,112.4714,63.61,63.61,63.61,Rain,light rain,83,98,3.6
308,Dubbo,AU,2022-07-15 04:27:25,-32.25,148.6167,57.33,57.33,57.33,Clear,clear sky,41,0,5.75
309,Santo Antonio,BR,2022-07-15 04:27:26,-6.3106,-35.4789,69.64,69.64,69.64,Clear,clear sky,90,7,10.76
310,Ketchikan,US,2022-07-15 04:23:07,55.3422,-131.6461,57.67,57.18,57.67,Rain,moderate rain,94,100,0.0
311,Buraydah,SA,2022-07-15 04:23:21,26.326,43.975,82.85,82.85,82.85,Clear,clear sky,15,7,4.12
312,Aksu,CN,2022-07-15 04:27:26,41.1231,80.2644,83.98,83.98,83.98,Clouds,overcast clouds,24,99,10.22
313,Bundaberg,AU,2022-07-15 04:27:27,-24.85,152.35,67.21,67.21,67.21,Clouds,few clouds,60,12,12.86
314,Mount Isa,AU,2022-07-15 04:27:27,-20.7333,139.5,67.77,67.77,67.77,Clouds,scattered clouds,18,29,9.22
315,Mana,GF,2022-07-15 04:27:27,5.6592,-53.7767,76.05,76.05,76.05,Clouds,overcast clouds,91,92,7.18
316,Alta Floresta,BR,2022-07-15 04:27:28,-9.8756,-56.0861,70.07,70.07,70.07,Clear,clear sky,51,0,0.54
317,Luderitz,NA,2022-07-15 04:27:28,-26.6481,15.1594,62.55,62.55,62.55,Clouds,few clouds,43,17,5.35
318,Sayyan,YE,2022-07-15 04:27:29,15.1718,44.3244,62.65,62.65,62.65,Clouds,broken clouds,61,81,5.23
319,Guiratinga,BR,2022-07-15 04:27:29,-16.3494,-53.7583,67.5,67.5,67.5,Clouds,broken clouds,47,77,5.03
320,Raudeberg,NO,2022-07-15 04:27:29,61.9875,5.1352,48.87,48.87,48.96,Clouds,scattered clouds,73,47,11.68
321,Nisia Floresta,BR,2022-07-15 04:27:30,-6.0911,-35.2086,75.58,72.41,75.58,Clouds,scattered clouds,90,26,9.62
322,Killam,CA,2022-07-15 04:27:30,52.7834,-111.8518,66.15,66.15,66.15,Clouds,few clouds,82,15,4.61
323,Hailar,CN,2022-07-15 04:27:31,49.2,119.7,69.49,69.49,69.49,Clouds,overcast clouds,84,100,6.8
324,Warwick,US,2022-07-15 04:27:31,41.7001,-71.4162,68.27,65.05,71.91,Clouds,few clouds,88,17,4.85
325,Port-Gentil,GA,2022-07-15 04:27:32,-0.7193,8.7815,74.57,74.57,74.57,Clouds,broken clouds,73,81,9.91
326,Muros,ES,2022-07-15 04:27:32,42.7762,-9.0603,76.84,76.84,76.84,Clouds,overcast clouds,61,99,9.15
327,Saint-Augustin,CA,2022-07-15 04:27:33,51.226,-58.6502,57.18,57.18,57.18,Clouds,few clouds,71,16,6.04
328,Duluth,US,2022-07-15 04:27:33,46.7833,-92.1066,59.23,54.88,63.18,Clouds,overcast clouds,69,100,11.5
329,Mayo,US,2022-07-15 04:23:51,38.8876,-76.5119,73.38,70.12,78.75,Clear,clear sky,84,0,1.01
330,Indiaroba,BR,2022-07-15 04:27:34,-11.5192,-37.5117,68.92,68.92,68.92,Clear,clear sky,88,7,2.46
331,Mahibadhoo,MV,2022-07-15 04:27:34,3.7833,72.9667,83.53,83.53,83.53,Clouds,overcast clouds,73,90,10.6
332,Portland,US,2022-07-15 04:23:25,45.5234,-122.6762,73.94,65.91,76.98,Clouds,few clouds,54,20,6.91
333,Vestmannaeyjar,IS,2022-07-15 04:27:34,63.4427,-20.2734,49.66,49.66,49.66,Clouds,broken clouds,77,69,2.84
334,Annau,TM,2022-07-15 04:27:35,37.8876,58.516,90.9,90.9,90.9,Clear,clear sky,22,0,6.91
335,Mankono,CI,2022-07-15 04:27:36,8.0586,-6.1897,69.82,69.82,69.82,Clouds,overcast clouds,97,100,5.97
336,Lebu,CL,2022-07-15 04:27:36,-37.6167,-73.65,41.76,41.76,41.76,Clouds,overcast clouds,89,100,5.82
337,Magalia,US,2022-07-15 04:27:07,39.8121,-121.5783,79.29,78.15,83.75,Clear,clear sky,35,0,1.01
338,Asosa,ET,2022-07-15 04:27:37,10.0667,34.5333,59.0,59.0,59.0,Clouds,overcast clouds,94,95,1.03
339,Qandala,SO,2022-07-15 04:27:37,11.472,49.8728,89.49,89.49,89.49,Clouds,overcast clouds,51,100,27.98
340,Cabo San Lucas,MX,2022-07-15 04:27:37,22.8909,-109.9124,84.61,83.5,84.61,Clouds,scattered clouds,63,48,11.88
341,Clyde River,CA,2022-07-15 04:27:38,70.4692,-68.5914,39.43,39.43,39.43,Clear,clear sky,87,0,4.61
342,Severo-Kurilsk,RU,2022-07-15 04:23:58,50.6789,156.125,57.81,57.81,57.81,Clouds,broken clouds,82,78,9.89
343,Oranjemund,NA,2022-07-15 04:27:38,-28.55,16.4333,58.75,58.75,58.75,Clouds,few clouds,42,23,6.29
344,Cockburn Town,TC,2022-07-15 04:26:54,21.4612,-71.1419,81.52,81.52,81.52,Clouds,overcast clouds,77,100,21.3
345,Radford,US,2022-07-15 04:27:39,37.1318,-80.5764,67.96,64.99,70.72,Clear,clear sky,87,0,0.0
346,Vanavara,RU,2022-07-15 04:27:39,60.34,102.2797,67.33,67.33,67.33,Clouds,scattered clouds,42,49,5.03
347,Shimoda,JP,2022-07-15 04:27:40,34.6667,138.95,74.1,74.1,77.36,Rain,light rain,86,100,4.18
348,Amapa,BR,2022-07-15 04:27:40,1.0,-52.0,70.66,70.66,70.66,Clouds,broken clouds,99,51,1.21
349,Tartagal,AR,2022-07-15 04:27:41,-22.5164,-63.8013,61.23,61.23,61.23,Clear,clear sky,65,0,3.49
350,Russell,US,2022-07-15 04:27:41,32.3502,-85.1999,72.88,71.91,76.12,Clear,clear sky,94,0,0.0
351,Boa Vista,BR,2022-07-15 04:23:34,2.8197,-60.6733,76.98,76.98,76.98,Clouds,broken clouds,83,75,3.44
352,Ferkessedougou,CI,2022-07-15 04:27:42,9.6,-5.2,72.34,72.34,72.34,Clouds,overcast clouds,87,100,5.79
353,Kloulklubed,PW,2022-07-15 04:27:42,7.0419,134.2556,84.7,84.7,84.7,Clouds,overcast clouds,71,97,6.76
354,Half Moon Bay,US,2022-07-15 04:27:43,37.4636,-122.4286,58.46,54.48,65.79,Mist,mist,83,100,14.97
355,Soure,BR,2022-07-15 04:27:43,-0.7167,-48.5233,77.25,77.25,77.25,Clear,clear sky,87,5,11.12
356,Tateyama,JP,2022-07-15 04:27:44,34.9833,139.8667,76.93,76.93,79.11,Rain,light intensity shower rain,94,75,9.22
357,Rumoi,JP,2022-07-15 04:27:44,43.9344,141.6428,76.91,76.91,76.91,Clouds,overcast clouds,61,94,6.6
358,Jalu,LY,2022-07-15 04:27:44,29.0331,21.5482,72.63,72.63,72.63,Clear,clear sky,40,0,7.87
359,Marshalltown,US,2022-07-15 04:27:45,42.0494,-92.908,75.63,72.95,77.23,Clear,clear sky,83,0,13.8
360,Bereda,ES,2022-07-15 04:27:45,43.2686,-7.5406,68.14,66.58,69.42,Clouds,overcast clouds,86,100,5.68
361,Ahome,MX,2022-07-15 04:27:46,25.9167,-109.1833,84.58,84.58,84.58,Clouds,overcast clouds,70,97,6.29
362,Viedma,AR,2022-07-15 04:26:21,-40.8135,-62.9967,47.12,47.12,47.12,Rain,light rain,88,100,19.37
363,Mecca,SA,2022-07-15 04:27:46,21.4267,39.8261,86.34,86.34,86.34,Clouds,broken clouds,39,80,5.48
364,Geraldton,AU,2022-07-15 04:27:47,-28.7667,114.6,64.81,64.81,64.81,Clouds,overcast clouds,82,100,8.05
365,Villa Sandino,NI,2022-07-15 04:27:47,12.0483,-84.9936,71.96,71.96,71.96,Clouds,overcast clouds,95,86,8.03
366,Agua Verde,MX,2022-07-15 04:27:48,22.9,-106.05,84.29,84.29,84.29,Clouds,overcast clouds,85,100,3.09
367,Itoman,JP,2022-07-15 04:27:48,26.1247,127.6694,88.56,87.82,92.17,Clouds,broken clouds,80,75,13.8
368,Kuryk,KZ,2022-07-15 04:27:49,43.2,51.65,83.5,83.5,83.5,Clouds,broken clouds,50,76,17.65
369,Dera Ghazi Khan,PK,2022-07-15 04:27:49,30.0561,70.6348,84.58,84.58,84.58,Clouds,overcast clouds,65,100,14.38
370,Ust-Kuyga,RU,2022-07-15 04:27:50,70.0167,135.6,73.2,73.2,73.2,Clouds,broken clouds,54,83,8.46
371,Mtwara,TZ,2022-07-15 04:27:50,-10.2667,40.1833,69.69,69.69,69.69,Clear,clear sky,90,10,9.01
372,Iqaluit,CA,2022-07-15 04:27:50,63.7506,-68.5145,40.69,40.69,40.73,Clouds,few clouds,86,20,3.44
373,North Bend,US,2022-07-15 04:27:51,43.4065,-124.2243,56.79,55.85,58.24,Clear,clear sky,94,0,4.61
374,Senador Guiomard,BR,2022-07-15 04:27:51,-10.1522,-67.7392,73.15,73.15,73.15,Clouds,overcast clouds,79,96,3.56
375,Homer,US,2022-07-15 04:27:52,59.6425,-151.5483,59.68,57.07,62.76,Clear,clear sky,76,0,9.22
376,Tuatapere,NZ,2022-07-15 04:27:52,-46.1333,167.6833,42.13,42.13,42.13,Clouds,overcast clouds,83,100,8.05
377,Belaya Gora,RU,2022-07-15 04:27:52,68.5333,146.4167,74.14,74.14,74.14,Clouds,broken clouds,44,70,7.99
378,Natal,BR,2022-07-15 04:27:53,-5.795,-35.2094,75.42,72.25,75.42,Clear,clear sky,83,0,6.91
379,Honiara,SB,2022-07-15 04:27:53,-9.4333,159.95,82.74,82.74,82.74,Clouds,overcast clouds,75,98,1.57
380,Beitbridge,ZW,2022-07-15 04:27:54,-22.2167,30.0,60.19,60.19,60.19,Clear,clear sky,65,0,17.58
381,Kalanchak,UA,2022-07-15 04:27:54,46.2562,33.2907,70.83,70.83,70.83,Clear,clear sky,66,0,1.05
382,Maketu,NZ,2022-07-15 04:27:54,-37.7667,176.45,57.02,56.75,58.01,Clouds,overcast clouds,70,100,3.36
383,Jinji,CN,2022-07-15 04:27:55,23.2281,110.8261,92.28,92.28,92.28,Clouds,overcast clouds,59,88,4.81
384,Namatanai,PG,2022-07-15 04:27:55,-3.6667,152.4333,83.3,83.3,83.3,Rain,light rain,71,100,9.84
385,Zhigansk,RU,2022-07-15 04:27:56,66.7697,123.3711,66.63,66.63,66.63,Clouds,scattered clouds,62,45,15.3
386,Pyshchug,RU,2022-07-15 04:27:56,58.8873,45.7134,60.69,60.69,60.69,Rain,moderate rain,99,100,7.52
387,Kirovskiy,RU,2022-07-15 04:27:57,45.0917,133.5136,64.8,64.8,64.8,Clouds,overcast clouds,94,100,6.85
388,Maumelle,US,2022-07-15 04:27:57,34.8668,-92.4043,78.64,74.57,83.91,Clear,clear sky,67,0,1.01
389,Norman Wells,CA,2022-07-15 04:27:57,65.282,-126.8329,51.84,51.84,51.84,Clouds,overcast clouds,82,100,8.05
390,Uvat,RU,2022-07-15 04:27:58,59.1433,68.8953,70.48,70.48,70.48,Clouds,scattered clouds,59,30,5.26
391,Yeniseysk,RU,2022-07-15 04:27:58,58.4497,92.1703,58.8,58.8,58.8,Rain,light rain,76,99,3.85
392,Havoysund,NO,2022-07-15 04:27:59,70.9963,24.6622,53.83,53.83,53.83,Clouds,overcast clouds,96,100,5.17
393,Bonthe,SL,2022-07-15 04:27:59,7.5264,-12.505,74.79,74.79,74.79,Rain,light rain,92,100,4.83
394,Olga,RU,2022-07-15 04:28:00,43.7444,135.2892,62.17,62.17,62.17,Clouds,overcast clouds,98,100,17.94
395,Langsa,ID,2022-07-15 04:28:00,4.4683,97.9683,88.61,88.61,88.61,Clouds,broken clouds,59,70,3.96
396,Sabaudia,IT,2022-07-15 04:28:00,41.3003,13.0282,68.07,65.91,75.2,Clear,clear sky,95,0,5.35
397,Laguna,US,2022-07-15 04:28:01,38.421,-121.4238,75.72,70.14,83.39,Clear,clear sky,41,0,10.36
398,Uyemskiy,RU,2022-07-15 04:28:01,64.4743,40.8524,69.06,69.06,69.85,Clouds,few clouds,68,20,4.47
399,Shancheng,CN,2022-07-15 04:28:02,34.7953,116.0817,91.35,91.35,91.35,Clouds,broken clouds,58,56,5.44
400,Kathu,TH,2022-07-15 04:28:02,7.9178,98.3332,86.7,84.02,86.7,Clouds,overcast clouds,99,92,14.27
401,Husavik,IS,2022-07-15 04:23:24,66.0449,-17.3389,44.96,44.96,44.96,Clouds,few clouds,89,20,1.63
402,Prince Rupert,CA,2022-07-15 04:25:09,54.3161,-130.3201,56.23,55.09,57.29,Rain,light rain,96,100,21.85
403,Isangel,VU,2022-07-15 04:28:03,-19.55,169.2667,75.31,75.31,75.31,Clouds,broken clouds,78,71,11.34
404,Deputatskiy,RU,2022-07-15 04:28:04,69.3,139.9,73.4,73.4,73.4,Clouds,scattered clouds,39,34,7.58
405,College,US,2022-07-15 04:28:04,64.8569,-147.8028,67.48,64.22,69.75,Clouds,broken clouds,35,75,4.61
406,Beira,MZ,2022-07-15 04:28:05,-19.8436,34.8389,60.89,60.89,60.89,Mist,mist,100,20,4.61
407,Mount Gambier,AU,2022-07-15 04:28:05,-37.8333,140.7667,56.17,56.17,56.17,Clouds,overcast clouds,61,94,9.15
408,Maniitsoq,GL,2022-07-15 04:28:06,65.4167,-52.9,44.71,44.71,44.71,Clear,clear sky,71,0,7.83
409,Klaksvik,FO,2022-07-15 04:28:07,62.2266,-6.589,49.12,49.12,49.12,Clouds,scattered clouds,88,46,17.4
410,Saint-Francois,FR,2022-07-15 04:28:07,46.4154,3.9054,58.44,58.44,58.44,Clear,clear sky,94,0,1.14
411,Trabzon,TR,2022-07-15 04:28:08,40.9167,39.8333,66.29,66.29,66.29,Clouds,broken clouds,68,75,4.61
412,Coquimbo,CL,2022-07-15 04:28:08,-29.9533,-71.3436,51.53,51.53,51.53,Clouds,overcast clouds,100,100,3.44
413,Falam,MM,2022-07-15 04:28:09,22.9167,93.6833,76.89,76.89,76.89,Clouds,scattered clouds,62,44,4.32
414,Labytnangi,RU,2022-07-15 04:28:09,66.6572,66.4183,67.44,67.44,67.44,Clouds,scattered clouds,68,46,8.48
415,Kavieng,PG,2022-07-15 04:28:10,-2.5744,150.7967,83.01,83.01,83.01,Rain,moderate rain,75,74,11.88
416,Kaseda,JP,2022-07-15 04:28:10,31.4167,130.3167,83.17,83.17,83.17,Clouds,overcast clouds,77,100,7.2
417,Iquique,CL,2022-07-15 04:24:43,-20.2208,-70.1431,59.04,59.04,59.04,Clear,clear sky,72,8,4.36
418,Tsabong,BW,2022-07-15 04:28:11,-26.0217,22.401,53.38,53.38,53.38,Clear,clear sky,27,0,5.99
419,Saint Anthony,US,2022-07-15 04:28:12,45.0205,-93.218,74.8,72.14,76.93,Clouds,scattered clouds,74,40,6.91
420,Khorixas,NA,2022-07-15 04:28:13,-20.3667,14.9667,59.05,59.05,59.05,Clear,clear sky,29,0,10.83
421,Sibolga,ID,2022-07-15 04:28:13,1.7427,98.7792,85.64,85.64,85.64,Clouds,overcast clouds,65,100,2.66
422,Gamba,GA,2022-07-15 04:28:13,-2.65,10.0,70.07,70.07,70.07,Clouds,overcast clouds,91,86,3.31
423,San Patricio,US,2022-07-15 04:28:14,28.017,-97.5169,81.5,78.19,84.09,Clouds,broken clouds,65,65,6.06
424,Kulhudhuffushi,MV,2022-07-15 04:28:14,6.6221,73.07,82.29,82.29,82.29,Clouds,overcast clouds,79,98,16.55
425,Marsabit,KE,2022-07-15 04:28:15,2.3284,37.9899,60.06,60.06,60.06,Clouds,overcast clouds,88,97,19.69
426,Aktau,KZ,2022-07-15 04:28:15,43.65,51.2,84.78,84.78,84.78,Clear,clear sky,59,6,17.36
427,Nuuk,GL,2022-07-15 04:28:16,64.1835,-51.7216,45.21,43.88,45.21,Mist,mist,81,32,20.71
428,Bar Harbor,US,2022-07-15 04:28:16,44.3876,-68.2039,62.38,59.11,64.54,Clouds,overcast clouds,87,100,3.44
429,Padilla,CO,2022-07-15 04:28:16,3.2204,-76.3139,71.17,71.17,71.17,Clouds,overcast clouds,93,85,3.51
430,Hervey Bay,AU,2022-07-15 04:28:17,-25.2986,152.8535,65.75,65.75,65.75,Clear,clear sky,65,10,17.4
431,Umm Lajj,SA,2022-07-15 04:28:17,25.0213,37.2685,83.21,83.21,83.21,Clear,clear sky,67,10,6.58
432,Salinas,US,2022-07-15 04:23:27,36.6777,-121.6555,58.98,55.9,66.42,Clear,clear sky,76,0,10.36
433,Valenca,BR,2022-07-15 04:28:18,-13.3703,-39.0731,67.86,67.86,67.86,Clouds,broken clouds,93,66,2.59
434,Ulaangom,MN,2022-07-15 04:28:18,49.9811,92.0667,62.04,62.04,62.04,Clouds,scattered clouds,40,31,4.63
435,Henties Bay,NA,2022-07-15 04:28:19,-22.116,14.2845,60.78,60.78,60.78,Clear,clear sky,60,0,3.09
436,Leh,IN,2022-07-15 04:28:19,34.1667,77.5833,59.22,59.22,59.22,Clouds,overcast clouds,61,96,7.23
437,Tombouctou,ML,2022-07-15 04:28:20,20.0,-3.0,93.63,93.63,93.63,Clear,clear sky,12,2,9.08
438,Khandyga,RU,2022-07-15 04:28:20,62.6667,135.6,83.5,83.5,83.5,Clouds,overcast clouds,51,99,0.36
439,Fort-Shevchenko,KZ,2022-07-15 04:28:21,44.5086,50.263,77.54,77.54,77.54,Clear,clear sky,64,0,16.2
440,Mattru,SL,2022-07-15 04:28:21,7.6244,-11.8332,71.6,71.6,71.6,Rain,light rain,99,100,1.72
441,Penalva,BR,2022-07-15 04:28:22,-3.2942,-45.1736,71.06,71.06,71.06,Clear,clear sky,98,2,2.64
442,Canapi,BR,2022-07-15 04:28:22,-9.1174,-37.6012,65.12,65.12,65.12,Clouds,scattered clouds,94,46,4.34
443,Bom Despacho,BR,2022-07-15 04:26:47,-19.7364,-45.2522,58.78,58.78,58.78,Clouds,few clouds,78,13,5.97
444,Ranong,TH,2022-07-15 04:28:23,9.9658,98.6348,84.13,84.13,84.13,Clouds,broken clouds,77,80,9.78
445,Santiago Del Estero,AR,2022-07-15 04:28:23,-27.7951,-64.2615,59.25,59.25,59.25,Clear,clear sky,61,0,14.5
446,Marinette,US,2022-07-15 04:28:24,45.1,-87.6307,59.05,53.65,59.09,Clear,clear sky,77,0,0.0
447,Chumikan,RU,2022-07-15 04:28:24,54.7183,135.315,56.61,56.61,56.61,Clouds,overcast clouds,99,100,4.27
448,Harper,LR,2022-07-15 04:28:25,4.375,-7.7169,74.52,74.52,74.52,Rain,light rain,85,99,8.19
449,Bol,TD,2022-07-15 04:28:25,13.4586,14.7147,79.29,79.29,79.29,Clouds,overcast clouds,81,100,17.47
450,Istok,XK,2022-07-15 04:28:25,42.7808,20.4875,62.01,62.01,62.01,Clouds,few clouds,56,15,3.13
451,San Cristobal,VE,2022-07-15 04:28:26,7.7669,-72.225,71.78,71.78,71.78,Clouds,broken clouds,88,51,1.43
452,Eastlake,US,2022-07-15 04:26:53,41.6539,-81.4504,60.82,55.85,65.73,Clear,clear sky,86,0,1.01
453,Khankala,RU,2022-07-15 04:28:26,43.3021,45.7556,77.41,77.41,77.41,Clouds,broken clouds,50,75,8.95
454,Graaff-Reinet,ZA,2022-07-15 04:28:27,-32.2522,24.5308,46.29,46.29,46.29,Clear,clear sky,82,0,0.85
455,Sao Felix Do Xingu,BR,2022-07-15 04:26:18,-6.6447,-51.995,73.13,73.13,73.13,Clouds,scattered clouds,72,25,0.6
456,Wilmington,US,2022-07-15 04:27:31,34.2257,-77.9447,79.38,77.94,82.85,Clouds,scattered clouds,90,40,3.44
457,Ludvika,SE,2022-07-15 04:28:28,60.1496,15.1878,47.93,47.77,49.8,Clouds,overcast clouds,61,98,11.99
458,Svetlyy,RU,2022-07-15 04:28:28,54.675,20.1347,55.45,54.97,55.45,Clouds,scattered clouds,86,50,14.74
459,Nikel,RU,2022-07-15 04:28:28,69.4128,30.222,62.78,62.78,62.78,Clouds,scattered clouds,74,33,8.57
460,Krasnoarmeysk,RU,2022-07-15 04:28:29,51.0239,45.6969,61.57,61.57,61.57,Clear,clear sky,82,1,16.4
461,Kinnelon,US,2022-07-15 04:25:47,41.0018,-74.3671,67.84,60.62,78.21,Clouds,broken clouds,74,75,0.0
462,Novyy Urgal,RU,2022-07-15 04:28:29,51.0736,132.5642,82.94,82.94,82.94,Clear,clear sky,51,3,3.38
463,Temple,US,2022-07-15 04:27:00,31.0982,-97.3428,77.09,72.41,81.21,Clear,clear sky,69,0,3.44
464,Dok Kham Tai,TH,2022-07-15 04:28:30,19.1624,99.9934,80.91,80.91,80.91,Clouds,overcast clouds,84,97,1.28
465,Poum,NC,2022-07-15 04:28:30,-20.2333,164.0167,73.04,73.04,73.04,Clear,clear sky,62,0,21.16
466,Grand Junction,US,2022-07-15 04:26:49,39.0639,-108.5507,79.34,79.34,85.08,Clear,clear sky,40,0,8.05
467,Karad,IN,2022-07-15 04:28:31,17.2833,74.2,73.09,73.09,73.09,Clouds,overcast clouds,91,100,17.65
468,Muravlenko,RU,2022-07-15 04:28:31,63.7898,74.523,66.2,66.2,66.2,Clear,clear sky,51,6,6.42
469,Marrakesh,MA,2022-07-15 04:26:35,31.6315,-8.0083,75.27,75.27,75.27,Clouds,scattered clouds,69,40,6.91
470,Losone,CH,2022-07-15 04:28:32,46.1687,8.7593,67.66,65.64,73.0,Clear,clear sky,91,3,0.0
471,Puerto Escondido,MX,2022-07-15 04:28:32,15.85,-97.0667,77.83,77.83,77.83,Clouds,broken clouds,69,75,5.75
472,Sangar,RU,2022-07-15 04:28:33,63.9242,127.4739,77.5,77.5,77.5,Clouds,few clouds,56,13,0.92
473,Ovalle,CL,2022-07-15 04:28:33,-30.5983,-71.2003,44.89,44.89,44.89,Rain,light rain,92,100,5.28
474,Phan Thiet,VN,2022-07-15 04:28:34,10.9333,108.1,87.93,87.93,87.93,Clouds,overcast clouds,63,94,11.14
475,Wahiawa,US,2022-07-15 04:28:34,21.5028,-158.0236,76.87,73.18,80.92,Clouds,broken clouds,70,75,8.05
476,Deniliquin,AU,2022-07-15 04:28:34,-35.5333,144.9667,56.71,56.71,56.71,Clouds,few clouds,51,16,3.33
477,Amga,RU,2022-07-15 04:28:35,60.8953,131.9608,83.19,83.19,83.19,Rain,light rain,55,52,3.31
478,Hambantota,LK,2022-07-15 04:28:35,6.1241,81.1185,88.14,88.14,88.14,Clouds,scattered clouds,74,40,17.27
479,Pauini,BR,2022-07-15 04:28:36,-7.7136,-66.9764,76.41,76.41,76.41,Clouds,overcast clouds,80,99,2.82
480,Sola,VU,2022-07-15 04:28:36,-13.8833,167.55,80.22,80.22,80.22,Clouds,broken clouds,74,55,8.32
481,Anito,PH,2022-07-15 04:28:36,12.4497,125.2886,88.02,88.02,88.02,Clouds,overcast clouds,65,92,7.27
482,Itarema,BR,2022-07-15 04:28:37,-2.9248,-39.9167,78.15,78.15,78.15,Clear,clear sky,79,8,12.95
483,Chifeng,CN,2022-07-15 04:28:37,42.2683,118.9636,83.79,83.79,83.79,Clear,clear sky,37,2,17.56
484,Flinders,AU,2022-07-15 04:28:38,-34.5833,150.8552,62.06,58.24,62.06,Clear,clear sky,46,0,3.06
485,Salalah,OM,2022-07-15 04:28:38,17.0151,54.0924,77.16,77.16,77.16,Clouds,overcast clouds,95,100,4.43
486,Tuy Hoa,VN,2022-07-15 04:28:38,13.0833,109.3,90.55,90.55,90.55,Clouds,scattered clouds,59,35,2.8
487,Moissala,TD,2022-07-15 04:28:39,8.3404,17.7663,70.38,70.38,70.38,Rain,light rain,97,100,2.91
488,Karratha,AU,2022-07-15 04:28:39,-20.7377,116.8463,75.31,75.31,75.31,Clouds,scattered clouds,23,49,14.25
489,Meulaboh,ID,2022-07-15 04:28:40,4.1363,96.1285,85.41,85.41,85.41,Clouds,overcast clouds,60,85,5.03
490,Sokoni,TZ,2022-07-15 04:28:40,-6.4333,39.55,75.81,75.81,75.81,Rain,light rain,80,60,15.43
491,Dalvik,IS,2022-07-15 04:28:41,65.9702,-18.5286,44.53,44.53,44.53,Clouds,few clouds,87,20,1.28
492,Kalang,PH,2022-07-15 04:28:41,5.9197,121.3631,82.74,82.74,82.74,Rain,moderate rain,72,45,5.17
493,Fort Nelson,CA,2022-07-15 04:28:41,58.8053,-122.7002,71.19,71.19,71.19,Clouds,scattered clouds,56,40,2.3
494,Yar-Sale,RU,2022-07-15 04:28:42,66.8333,70.8333,64.45,64.45,64.45,Clouds,broken clouds,49,72,9.71
495,Candido Mendes,BR,2022-07-15 04:28:42,-1.4467,-45.7167,72.99,72.99,72.99,Clouds,few clouds,97,22,2.46
496,Yako,BF,2022-07-15 04:28:43,12.9667,-2.2667,79.88,79.88,79.88,Clouds,broken clouds,69,65,6.26
497,Manta,EC,2022-07-15 04:28:43,-0.95,-80.7333,71.38,71.38,71.38,Clouds,overcast clouds,83,100,4.61
498,Buin,CL,2022-07-15 04:28:43,-33.7333,-70.75,43.02,41.04,46.74,Clouds,overcast clouds,83,99,3.44
499,Nazas,MX,2022-07-15 04:28:44,25.2333,-104.1333,82.53,82.53,82.53,Clouds,few clouds,29,13,16.26
500,Saint-Pierre,RE,2022-07-15 04:28:44,-21.3393,55.4781,67.96,67.68,68.29,Clear,clear sky,66,0,6.91
501,Abu Dhabi,AE,2022-07-15 04:25:28,24.4667,54.3667,92.07,90.97,93.31,Clouds,few clouds,70,18,6.91
502,Punta Alta,AR,2022-07-15 04:28:45,-38.8759,-62.0736,43.57,43.57,43.57,Fog,fog,100,68,9.22
503,Rognan,NO,2022-07-15 04:28:45,67.0953,15.3878,51.8,51.76,52.05,Rain,light rain,67,100,6.22
504,Simplicio Mendes,BR,2022-07-15 04:28:46,-7.8539,-41.9103,73.17,73.17,73.17,Clear,clear sky,69,2,10.63
505,Lexington,US,2022-07-15 04:26:11,37.9887,-84.4777,70.03,64.42,71.73,Clear,clear sky,72,0,0.0
506,Balotra,IN,2022-07-15 04:28:46,25.8333,72.2333,91.94,91.94,91.94,Rain,moderate rain,56,65,6.24
507,Rocafuerte,EC,2022-07-15 04:28:46,-0.9167,-80.4333,71.47,71.47,71.47,Clouds,broken clouds,88,59,3.62
508,Porto Walter,BR,2022-07-15 04:28:47,-8.2686,-72.7439,73.83,73.83,73.83,Clouds,scattered clouds,85,35,3.0
509,Lorengau,PG,2022-07-15 04:28:47,-2.0226,147.2712,80.76,80.76,80.76,Clouds,broken clouds,80,79,6.31
510,Luzhou,CN,2022-07-15 04:26:13,28.8724,105.4405,95.65,95.65,95.65,Clouds,broken clouds,54,84,4.03
511,Hay River,CA,2022-07-15 04:28:48,60.8156,-115.7999,62.58,62.58,62.58,Clouds,broken clouds,77,67,3.44
512,Malartic,CA,2022-07-15 04:28:48,48.1335,-78.1328,47.01,47.01,51.91,Clear,clear sky,96,0,3.42
513,Bonavista,CA,2022-07-15 04:28:49,48.6499,-53.1147,54.03,54.03,54.03,Clouds,overcast clouds,87,100,11.32
514,San Andres,CO,2022-07-15 04:28:49,12.5847,-81.7006,82.42,82.42,82.42,Clouds,broken clouds,83,75,11.5
515,Wanning,CN,2022-07-15 04:28:49,18.8003,110.3967,88.63,88.63,88.63,Clouds,scattered clouds,69,48,9.69
516,Iwanai,JP,2022-07-15 04:28:50,42.9744,140.5089,69.91,69.91,69.91,Clouds,overcast clouds,81,100,7.07
517,Katherine,AU,2022-07-15 04:28:50,-14.4667,132.2667,75.52,75.52,75.52,Clouds,scattered clouds,25,36,16.11
518,Lyngseidet,NO,2022-07-15 04:28:51,69.5763,20.2189,55.4,55.4,55.4,Rain,light rain,96,100,4.79
519,Los Llanos De Aridane,ES,2022-07-15 04:28:51,28.6585,-17.9182,62.13,62.13,67.75,Clouds,broken clouds,88,75,9.22
520,Nemuro,JP,2022-07-15 04:28:51,43.3236,145.575,60.39,60.39,60.39,Clouds,overcast clouds,82,97,13.82
521,Visnes,NO,2022-07-15 04:28:52,59.3556,5.2242,51.85,51.85,52.83,Clouds,broken clouds,87,75,9.22
522,Walvis Bay,NA,2022-07-15 04:28:52,-22.9575,14.5053,65.35,65.35,65.35,Clear,clear sky,32,0,10.36
523,Amahai,ID,2022-07-15 04:28:53,-3.3333,128.9167,79.02,79.02,79.02,Clouds,broken clouds,85,78,12.5
524,Sorong,ID,2022-07-15 04:28:53,-0.8833,131.25,81.01,81.01,81.01,Clouds,scattered clouds,86,43,12.57
525,Curuca,BR,2022-07-15 04:28:54,-0.7289,-47.8481,73.08,73.08,73.08,Clouds,scattered clouds,97,28,4.7
526,Turukhansk,RU,2022-07-15 04:28:54,65.8167,87.9833,63.88,63.88,63.88,Clouds,few clouds,48,16,6.71
527,Gotsu,JP,2022-07-15 04:28:54,35.0,132.2167,83.05,83.05,83.05,Clouds,scattered clouds,68,29,16.91
528,Lander,US,2022-07-15 04:28:55,42.833,-108.7307,75.99,72.16,76.01,Clear,clear sky,35,0,11.5
529,Antsohihy,MG,2022-07-15 04:28:55,-14.8796,47.9875,66.09,66.09,66.09,Clear,clear sky,69,1,6.58
530,Kieta,PG,2022-07-15 04:28:56,-6.2167,155.6333,83.46,83.46,83.46,Rain,light rain,72,88,7.56
531,Bonfim,BR,2022-07-15 04:28:56,3.0833,-59.95,74.66,74.66,74.66,Clouds,overcast clouds,93,100,2.44
532,Banda Aceh,ID,2022-07-15 04:28:57,5.5577,95.3222,86.02,86.02,86.02,Clouds,broken clouds,62,75,10.47
533,Miri,MY,2022-07-15 04:28:57,4.4148,114.0089,89.74,89.74,89.74,Clouds,scattered clouds,66,40,1.14
534,Xocali,AZ,2022-07-15 04:28:58,39.913,46.7903,81.68,81.68,81.68,Clear,clear sky,38,0,5.57
535,Belyy Yar,RU,2022-07-15 04:28:58,53.6039,91.3903,64.85,62.49,64.85,Clear,clear sky,67,0,4.47
536,Mocuba,MZ,2022-07-15 04:28:58,-16.8392,36.9856,59.65,59.65,59.65,Clouds,broken clouds,83,62,0.81
537,La Rioja,ES,2022-07-15 04:28:59,42.25,-2.5,58.78,58.78,58.78,Clear,clear sky,29,7,3.91
538,Beloha,MG,2022-07-15 04:28:59,-25.1667,45.05,59.79,59.79,59.79,Clear,clear sky,89,0,2.57
539,Honningsvag,NO,2022-07-15 04:28:59,70.9821,25.9704,53.35,53.35,53.35,Fog,fog,94,40,1.14
540,Tacarigua,VE,2022-07-15 04:29:00,10.0862,-67.9198,67.59,67.59,67.59,Clouds,few clouds,96,13,3.36
541,Lakselv,NO,2022-07-15 04:29:00,70.0513,24.9718,62.42,62.42,62.42,Clouds,overcast clouds,88,100,5.75
542,Digby,CA,2022-07-15 04:28:23,44.6169,-65.7655,63.59,63.55,63.59,Clouds,broken clouds,96,68,6.15
543,Manyana,BW,2022-07-15 04:29:01,-23.4,21.7167,50.38,50.38,50.38,Clear,clear sky,36,0,7.05
544,Aller,ES,2022-07-15 04:29:01,43.1187,-5.5839,63.64,59.2,70.43,Clouds,overcast clouds,64,100,2.17
545,Cabedelo,BR,2022-07-15 04:29:02,-6.9811,-34.8339,72.27,72.27,72.27,Clouds,few clouds,87,12,13.29
546,Necochea,AR,2022-07-15 04:29:02,-38.5473,-58.7368,51.24,51.24,51.24,Clouds,overcast clouds,97,100,4.21
547,Isiro,CD,2022-07-15 04:29:03,2.7739,27.616,64.2,64.2,64.2,Clouds,overcast clouds,99,99,1.79
548,Marystown,CA,2022-07-15 04:29:02,47.1666,-55.1483,59.86,59.86,59.86,Clouds,overcast clouds,100,100,1.99
549,Sterling,US,2022-07-15 04:29:03,39.0062,-77.4286,71.01,65.59,75.88,Clouds,scattered clouds,88,40,3.44
550,Aviles,ES,2022-07-15 04:29:04,43.5547,-5.9248,69.62,69.19,71.38,Clouds,few clouds,94,20,9.22
551,Illapel,CL,2022-07-15 04:29:04,-31.6308,-71.1653,44.31,44.31,44.31,Clouds,overcast clouds,93,100,4.29
552,Gelibolu,TR,2022-07-15 04:29:05,40.4103,26.6708,69.66,69.66,69.66,Clear,clear sky,73,0,10.04
553,Te Anau,NZ,2022-07-15 04:29:05,-45.4167,167.7167,38.07,38.07,38.07,Rain,light rain,97,100,1.39
554,Xining,CN,2022-07-15 04:29:05,36.6167,101.7667,61.66,61.66,61.66,Clouds,overcast clouds,87,100,0.96
555,Jacksonville Beach,US,2022-07-15 04:29:06,30.2947,-81.3931,75.42,73.08,77.05,Clouds,overcast clouds,94,100,8.05
556,Sao Lourenco Do Oeste,BR,2022-07-15 04:29:06,-26.3592,-52.8511,63.1,63.1,63.1,Clouds,overcast clouds,63,96,10.02
557,Margate,GB,2022-07-15 04:29:07,51.3813,1.3862,54.43,51.12,56.3,Clouds,broken clouds,87,83,4.7
558,Kyzyl-Suu,KG,2022-07-15 04:29:07,42.3414,78.0056,65.86,65.86,65.86,Clouds,overcast clouds,44,100,4.88
559,Inyonga,TZ,2022-07-15 04:29:08,-6.7167,32.0667,57.78,57.78,57.78,Clear,clear sky,68,9,4.79
